model,held_out,coded,predicted,n,row_pct
harnet10 (probe),25003,crawl,crawl,0,0.0
harnet10 (probe),25003,crawl,on back,0,0.0
harnet10 (probe),25003,crawl,on side,0,0.0
harnet10 (probe),25003,crawl,on stomach,0,0.0
harnet10 (probe),25003,crawl,recline back,0,0.0
harnet10 (probe),25003,crawl,sit,0,0.0
harnet10 (probe),25003,crawl,stand,0,0.0
harnet10 (probe),25003,on back,crawl,1,0.031908104658583285
harnet10 (probe),25003,on back,on back,2537,80.95086151882577
harnet10 (probe),25003,on back,on side,32,1.0210593490746651
harnet10 (probe),25003,on back,on stomach,24,0.7657945118059988
harnet10 (probe),25003,on back,recline back,265,8.45564773452457
harnet10 (probe),25003,on back,sit,142,4.530950861518826
harnet10 (probe),25003,on back,stand,133,4.243777919591577
harnet10 (probe),25003,on side,crawl,3,4.0
harnet10 (probe),25003,on side,on back,27,36.0
harnet10 (probe),25003,on side,on side,31,41.333333333333336
harnet10 (probe),25003,on side,on stomach,5,6.666666666666667
harnet10 (probe),25003,on side,recline back,5,6.666666666666667
harnet10 (probe),25003,on side,sit,3,4.0
harnet10 (probe),25003,on side,stand,1,1.3333333333333335
harnet10 (probe),25003,on stomach,crawl,0,0.0
harnet10 (probe),25003,on stomach,on back,16,1.0094637223974765
harnet10 (probe),25003,on stomach,on side,8,0.5047318611987383
harnet10 (probe),25003,on stomach,on stomach,1518,95.77287066246056
harnet10 (probe),25003,on stomach,recline back,25,1.5772870662460567
harnet10 (probe),25003,on stomach,sit,14,0.8832807570977917
harnet10 (probe),25003,on stomach,stand,4,0.2523659305993691
harnet10 (probe),25003,recline back,crawl,21,2.131979695431472
harnet10 (probe),25003,recline back,on back,76,7.715736040609138
harnet10 (probe),25003,recline back,on side,2,0.20304568527918782
harnet10 (probe),25003,recline back,on stomach,5,0.5076142131979695
harnet10 (probe),25003,recline back,recline back,598,60.71065989847716
harnet10 (probe),25003,recline back,sit,256,25.98984771573604
harnet10 (probe),25003,recline back,stand,27,2.7411167512690358
harnet10 (probe),25003,sit,crawl,11,1.484480431848853
harnet10 (probe),25003,sit,on back,7,0.9446693657219973
harnet10 (probe),25003,sit,on side,0,0.0
harnet10 (probe),25003,sit,on stomach,0,0.0
harnet10 (probe),25003,sit,recline back,311,41.97031039136302
harnet10 (probe),25003,sit,sit,365,49.257759784075574
harnet10 (probe),25003,sit,stand,47,6.342780026990553
harnet10 (probe),25003,stand,crawl,25,3.4818941504178276
harnet10 (probe),25003,stand,on back,25,3.4818941504178276
harnet10 (probe),25003,stand,on side,3,0.4178272980501393
harnet10 (probe),25003,stand,on stomach,0,0.0
harnet10 (probe),25003,stand,recline back,139,19.35933147632312
harnet10 (probe),25003,stand,sit,386,53.760445682451255
harnet10 (probe),25003,stand,stand,140,19.498607242339833
harnet10 (probe),25004,crawl,crawl,59,49.57983193277311
harnet10 (probe),25004,crawl,on back,17,14.285714285714285
harnet10 (probe),25004,crawl,on side,1,0.8403361344537815
harnet10 (probe),25004,crawl,on stomach,3,2.5210084033613445
harnet10 (probe),25004,crawl,recline back,11,9.243697478991598
harnet10 (probe),25004,crawl,sit,22,18.487394957983195
harnet10 (probe),25004,crawl,stand,6,5.042016806722689
harnet10 (probe),25004,on back,crawl,0,0.0
harnet10 (probe),25004,on back,on back,24,88.88888888888889
harnet10 (probe),25004,on back,on side,0,0.0
harnet10 (probe),25004,on back,on stomach,0,0.0
harnet10 (probe),25004,on back,recline back,0,0.0
harnet10 (probe),25004,on back,sit,2,7.4074074074074066
harnet10 (probe),25004,on back,stand,1,3.7037037037037033
harnet10 (probe),25004,on side,crawl,0,0.0
harnet10 (probe),25004,on side,on back,0,0.0
harnet10 (probe),25004,on side,on side,0,0.0
harnet10 (probe),25004,on side,on stomach,3,16.666666666666664
harnet10 (probe),25004,on side,recline back,5,27.77777777777778
harnet10 (probe),25004,on side,sit,9,50.0
harnet10 (probe),25004,on side,stand,1,5.555555555555555
harnet10 (probe),25004,on stomach,crawl,8,0.317208564631245
harnet10 (probe),25004,on stomach,on back,57,2.260111022997621
harnet10 (probe),25004,on stomach,on side,2,0.07930214115781126
harnet10 (probe),25004,on stomach,on stomach,2329,92.34734337827122
harnet10 (probe),25004,on stomach,recline back,68,2.696272799365583
harnet10 (probe),25004,on stomach,sit,54,2.141157811260904
harnet10 (probe),25004,on stomach,stand,4,0.1586042823156225
harnet10 (probe),25004,recline back,crawl,0,0.0
harnet10 (probe),25004,recline back,on back,76,7.116104868913857
harnet10 (probe),25004,recline back,on side,0,0.0
harnet10 (probe),25004,recline back,on stomach,2,0.18726591760299627
harnet10 (probe),25004,recline back,recline back,840,78.65168539325843
harnet10 (probe),25004,recline back,sit,92,8.614232209737828
harnet10 (probe),25004,recline back,stand,58,5.430711610486892
harnet10 (probe),25004,sit,crawl,49,2.819332566168009
harnet10 (probe),25004,sit,on back,29,1.668584579976985
harnet10 (probe),25004,sit,on side,9,0.5178365937859608
harnet10 (probe),25004,sit,on stomach,13,0.7479861910241657
harnet10 (probe),25004,sit,recline back,456,26.237054085155354
harnet10 (probe),25004,sit,sit,1078,62.0253164556962
harnet10 (probe),25004,sit,stand,104,5.983889528193326
harnet10 (probe),25004,stand,crawl,100,4.47227191413238
harnet10 (probe),25004,stand,on back,290,12.969588550983898
harnet10 (probe),25004,stand,on side,30,1.3416815742397137
harnet10 (probe),25004,stand,on stomach,133,5.948121645796064
harnet10 (probe),25004,stand,recline back,107,4.785330948121646
harnet10 (probe),25004,stand,sit,1385,61.940966010733455
harnet10 (probe),25004,stand,stand,191,8.542039355992845
harnet10 (probe),25005,crawl,crawl,5,33.33333333333333
harnet10 (probe),25005,crawl,on back,1,6.666666666666667
harnet10 (probe),25005,crawl,on side,0,0.0
harnet10 (probe),25005,crawl,on stomach,2,13.333333333333334
harnet10 (probe),25005,crawl,recline back,6,40.0
harnet10 (probe),25005,crawl,sit,0,0.0
harnet10 (probe),25005,crawl,stand,1,6.666666666666667
harnet10 (probe),25005,on back,crawl,5,0.1994415636218588
harnet10 (probe),25005,on back,on back,2011,80.21539688871161
harnet10 (probe),25005,on back,on side,89,3.5500598324690866
harnet10 (probe),25005,on back,on stomach,17,0.6781013163143199
harnet10 (probe),25005,on back,recline back,361,14.399680893498203
harnet10 (probe),25005,on back,sit,19,0.7578779417630634
harnet10 (probe),25005,on back,stand,5,0.1994415636218588
harnet10 (probe),25005,on side,crawl,3,1.3392857142857142
harnet10 (probe),25005,on side,on back,31,13.839285714285715
harnet10 (probe),25005,on side,on side,139,62.05357142857143
harnet10 (probe),25005,on side,on stomach,6,2.6785714285714284
harnet10 (probe),25005,on side,recline back,44,19.642857142857142
harnet10 (probe),25005,on side,sit,1,0.4464285714285714
harnet10 (probe),25005,on side,stand,0,0.0
harnet10 (probe),25005,on stomach,crawl,18,1.5544041450777202
harnet10 (probe),25005,on stomach,on back,30,2.5906735751295336
harnet10 (probe),25005,on stomach,on side,6,0.5181347150259068
harnet10 (probe),25005,on stomach,on stomach,1013,87.47841105354058
harnet10 (probe),25005,on stomach,recline back,48,4.145077720207254
harnet10 (probe),25005,on stomach,sit,36,3.1088082901554404
harnet10 (probe),25005,on stomach,stand,7,0.6044905008635579
harnet10 (probe),25005,recline back,crawl,1,0.05834305717619603
harnet10 (probe),25005,recline back,on back,52,3.0338389731621938
harnet10 (probe),25005,recline back,on side,23,1.3418903150525088
harnet10 (probe),25005,recline back,on stomach,7,0.40840140023337224
harnet10 (probe),25005,recline back,recline back,1526,89.03150525087514
harnet10 (probe),25005,recline back,sit,82,4.784130688448075
harnet10 (probe),25005,recline back,stand,23,1.3418903150525088
harnet10 (probe),25005,sit,crawl,8,2.056555269922879
harnet10 (probe),25005,sit,on back,28,7.197943444730077
harnet10 (probe),25005,sit,on side,0,0.0
harnet10 (probe),25005,sit,on stomach,0,0.0
harnet10 (probe),25005,sit,recline back,110,28.277634961439592
harnet10 (probe),25005,sit,sit,167,42.9305912596401
harnet10 (probe),25005,sit,stand,76,19.53727506426735
harnet10 (probe),25005,stand,crawl,3,1.89873417721519
harnet10 (probe),25005,stand,on back,29,18.354430379746837
harnet10 (probe),25005,stand,on side,0,0.0
harnet10 (probe),25005,stand,on stomach,0,0.0
harnet10 (probe),25005,stand,recline back,24,15.18987341772152
harnet10 (probe),25005,stand,sit,34,21.518987341772153
harnet10 (probe),25005,stand,stand,68,43.037974683544306
harnet10 (probe),25006,crawl,crawl,25,6.631299734748011
harnet10 (probe),25006,crawl,on back,41,10.875331564986737
harnet10 (probe),25006,crawl,on side,1,0.2652519893899204
harnet10 (probe),25006,crawl,on stomach,64,16.976127320954905
harnet10 (probe),25006,crawl,recline back,36,9.549071618037134
harnet10 (probe),25006,crawl,sit,111,29.44297082228117
harnet10 (probe),25006,crawl,stand,99,26.25994694960212
harnet10 (probe),25006,on back,crawl,0,0.0
harnet10 (probe),25006,on back,on back,307,92.46987951807229
harnet10 (probe),25006,on back,on side,1,0.30120481927710846
harnet10 (probe),25006,on back,on stomach,12,3.614457831325301
harnet10 (probe),25006,on back,recline back,8,2.4096385542168677
harnet10 (probe),25006,on back,sit,2,0.6024096385542169
harnet10 (probe),25006,on back,stand,2,0.6024096385542169
harnet10 (probe),25006,on side,crawl,0,0.0
harnet10 (probe),25006,on side,on back,39,1.875
harnet10 (probe),25006,on side,on side,1878,90.28846153846153
harnet10 (probe),25006,on side,on stomach,132,6.346153846153846
harnet10 (probe),25006,on side,recline back,30,1.4423076923076923
harnet10 (probe),25006,on side,sit,0,0.0
harnet10 (probe),25006,on side,stand,1,0.04807692307692308
harnet10 (probe),25006,on stomach,crawl,0,0.0
harnet10 (probe),25006,on stomach,on back,53,2.68762677484787
harnet10 (probe),25006,on stomach,on side,16,0.8113590263691683
harnet10 (probe),25006,on stomach,on stomach,1870,94.82758620689656
harnet10 (probe),25006,on stomach,recline back,11,0.5578093306288032
harnet10 (probe),25006,on stomach,sit,19,0.9634888438133874
harnet10 (probe),25006,on stomach,stand,3,0.15212981744421905
harnet10 (probe),25006,recline back,crawl,0,0.0
harnet10 (probe),25006,recline back,on back,21,0.9753831862517418
harnet10 (probe),25006,recline back,on side,98,4.551788202508128
harnet10 (probe),25006,recline back,on stomach,8,0.3715745471435207
harnet10 (probe),25006,recline back,recline back,1896,88.06316767301439
harnet10 (probe),25006,recline back,sit,83,3.855085926614027
harnet10 (probe),25006,recline back,stand,47,2.1830004644681837
harnet10 (probe),25006,sit,crawl,0,0.0
harnet10 (probe),25006,sit,on back,34,6.049822064056939
harnet10 (probe),25006,sit,on side,0,0.0
harnet10 (probe),25006,sit,on stomach,14,2.491103202846975
harnet10 (probe),25006,sit,recline back,101,17.97153024911032
harnet10 (probe),25006,sit,sit,242,43.06049822064057
harnet10 (probe),25006,sit,stand,171,30.427046263345197
harnet10 (probe),25006,stand,crawl,0,0.0
harnet10 (probe),25006,stand,on back,2,0.3766478342749529
harnet10 (probe),25006,stand,on side,0,0.0
harnet10 (probe),25006,stand,on stomach,18,3.389830508474576
harnet10 (probe),25006,stand,recline back,14,2.6365348399246704
harnet10 (probe),25006,stand,sit,244,45.951035781544256
harnet10 (probe),25006,stand,stand,253,47.64595103578154
harnet10 (probe),25007,crawl,crawl,0,0.0
harnet10 (probe),25007,crawl,on back,0,0.0
harnet10 (probe),25007,crawl,on side,0,0.0
harnet10 (probe),25007,crawl,on stomach,0,0.0
harnet10 (probe),25007,crawl,recline back,0,0.0
harnet10 (probe),25007,crawl,sit,0,0.0
harnet10 (probe),25007,crawl,stand,0,0.0
harnet10 (probe),25007,on back,crawl,22,0.5333333333333333
harnet10 (probe),25007,on back,on back,3818,92.55757575757576
harnet10 (probe),25007,on back,on side,6,0.14545454545454545
harnet10 (probe),25007,on back,on stomach,50,1.2121212121212122
harnet10 (probe),25007,on back,recline back,114,2.7636363636363637
harnet10 (probe),25007,on back,sit,69,1.6727272727272726
harnet10 (probe),25007,on back,stand,46,1.1151515151515152
harnet10 (probe),25007,on side,crawl,1,0.6211180124223602
harnet10 (probe),25007,on side,on back,69,42.857142857142854
harnet10 (probe),25007,on side,on side,69,42.857142857142854
harnet10 (probe),25007,on side,on stomach,3,1.8633540372670807
harnet10 (probe),25007,on side,recline back,14,8.695652173913043
harnet10 (probe),25007,on side,sit,5,3.1055900621118013
harnet10 (probe),25007,on side,stand,0,0.0
harnet10 (probe),25007,on stomach,crawl,3,0.2707581227436823
harnet10 (probe),25007,on stomach,on back,52,4.693140794223827
harnet10 (probe),25007,on stomach,on side,4,0.36101083032490977
harnet10 (probe),25007,on stomach,on stomach,1005,90.70397111913357
harnet10 (probe),25007,on stomach,recline back,19,1.7148014440433215
harnet10 (probe),25007,on stomach,sit,14,1.263537906137184
harnet10 (probe),25007,on stomach,stand,11,0.9927797833935018
harnet10 (probe),25007,recline back,crawl,20,0.7677543186180422
harnet10 (probe),25007,recline back,on back,446,17.12092130518234
harnet10 (probe),25007,recline back,on side,19,0.72936660268714
harnet10 (probe),25007,recline back,on stomach,100,3.8387715930902107
harnet10 (probe),25007,recline back,recline back,1598,61.34357005758157
harnet10 (probe),25007,recline back,sit,398,15.27831094049904
harnet10 (probe),25007,recline back,stand,24,0.9213051823416507
harnet10 (probe),25007,sit,crawl,63,3.690685413005272
harnet10 (probe),25007,sit,on back,98,5.741066198008202
harnet10 (probe),25007,sit,on side,0,0.0
harnet10 (probe),25007,sit,on stomach,83,4.862331575864089
harnet10 (probe),25007,sit,recline back,196,11.482132396016404
harnet10 (probe),25007,sit,sit,981,57.46924428822495
harnet10 (probe),25007,sit,stand,286,16.75454012888108
harnet10 (probe),25007,stand,crawl,0,0.0
harnet10 (probe),25007,stand,on back,2,3.7037037037037033
harnet10 (probe),25007,stand,on side,0,0.0
harnet10 (probe),25007,stand,on stomach,2,3.7037037037037033
harnet10 (probe),25007,stand,recline back,6,11.11111111111111
harnet10 (probe),25007,stand,sit,22,40.74074074074074
harnet10 (probe),25007,stand,stand,22,40.74074074074074
harnet10 (probe),25008,crawl,crawl,0,0.0
harnet10 (probe),25008,crawl,on back,0,0.0
harnet10 (probe),25008,crawl,on side,0,0.0
harnet10 (probe),25008,crawl,on stomach,0,0.0
harnet10 (probe),25008,crawl,recline back,0,0.0
harnet10 (probe),25008,crawl,sit,0,0.0
harnet10 (probe),25008,crawl,stand,0,0.0
harnet10 (probe),25008,on back,crawl,6,0.23971234518577705
harnet10 (probe),25008,on back,on back,2103,84.01917698761487
harnet10 (probe),25008,on back,on side,26,1.038753495805034
harnet10 (probe),25008,on back,on stomach,28,1.1186576108669597
harnet10 (probe),25008,on back,recline back,177,7.071514182980423
harnet10 (probe),25008,on back,sit,108,4.314822213343987
harnet10 (probe),25008,on back,stand,55,2.1973631642029567
harnet10 (probe),25008,on side,crawl,0,0.0
harnet10 (probe),25008,on side,on back,12,40.0
harnet10 (probe),25008,on side,on side,12,40.0
harnet10 (probe),25008,on side,on stomach,1,3.3333333333333335
harnet10 (probe),25008,on side,recline back,3,10.0
harnet10 (probe),25008,on side,sit,2,6.666666666666667
harnet10 (probe),25008,on side,stand,0,0.0
harnet10 (probe),25008,on stomach,crawl,10,0.33333333333333337
harnet10 (probe),25008,on stomach,on back,50,1.6666666666666667
harnet10 (probe),25008,on stomach,on side,9,0.3
harnet10 (probe),25008,on stomach,on stomach,2833,94.43333333333334
harnet10 (probe),25008,on stomach,recline back,44,1.4666666666666666
harnet10 (probe),25008,on stomach,sit,48,1.6
harnet10 (probe),25008,on stomach,stand,6,0.2
harnet10 (probe),25008,recline back,crawl,10,0.42283298097251587
harnet10 (probe),25008,recline back,on back,419,17.716701902748415
harnet10 (probe),25008,recline back,on side,10,0.42283298097251587
harnet10 (probe),25008,recline back,on stomach,21,0.8879492600422833
harnet10 (probe),25008,recline back,recline back,1265,53.48837209302325
harnet10 (probe),25008,recline back,sit,559,23.636363636363637
harnet10 (probe),25008,recline back,stand,81,3.4249471458773786
harnet10 (probe),25008,sit,crawl,7,0.6334841628959276
harnet10 (probe),25008,sit,on back,19,1.7194570135746607
harnet10 (probe),25008,sit,on side,1,0.09049773755656108
harnet10 (probe),25008,sit,on stomach,14,1.2669683257918551
harnet10 (probe),25008,sit,recline back,245,22.171945701357465
harnet10 (probe),25008,sit,sit,733,66.33484162895927
harnet10 (probe),25008,sit,stand,86,7.782805429864253
harnet10 (probe),25008,stand,crawl,5,2.1367521367521367
harnet10 (probe),25008,stand,on back,0,0.0
harnet10 (probe),25008,stand,on side,0,0.0
harnet10 (probe),25008,stand,on stomach,2,0.8547008547008548
harnet10 (probe),25008,stand,recline back,30,12.82051282051282
harnet10 (probe),25008,stand,sit,131,55.98290598290598
harnet10 (probe),25008,stand,stand,66,28.205128205128204
harnet10 (full),25003,crawl,crawl,0,0.0
harnet10 (full),25003,crawl,on back,0,0.0
harnet10 (full),25003,crawl,on side,0,0.0
harnet10 (full),25003,crawl,on stomach,0,0.0
harnet10 (full),25003,crawl,recline back,0,0.0
harnet10 (full),25003,crawl,sit,0,0.0
harnet10 (full),25003,crawl,stand,0,0.0
harnet10 (full),25003,on back,crawl,0,0.0
harnet10 (full),25003,on back,on back,3043,97.09636247606892
harnet10 (full),25003,on back,on side,17,0.5424377791959157
harnet10 (full),25003,on back,on stomach,15,0.4786215698787492
harnet10 (full),25003,on back,recline back,11,0.35098915124441604
harnet10 (full),25003,on back,sit,23,0.7338864071474155
harnet10 (full),25003,on back,stand,25,0.797702616464582
harnet10 (full),25003,on side,crawl,1,1.3333333333333335
harnet10 (full),25003,on side,on back,3,4.0
harnet10 (full),25003,on side,on side,57,76.0
harnet10 (full),25003,on side,on stomach,14,18.666666666666668
harnet10 (full),25003,on side,recline back,0,0.0
harnet10 (full),25003,on side,sit,0,0.0
harnet10 (full),25003,on side,stand,0,0.0
harnet10 (full),25003,on stomach,crawl,0,0.0
harnet10 (full),25003,on stomach,on back,1,0.06309148264984228
harnet10 (full),25003,on stomach,on side,0,0.0
harnet10 (full),25003,on stomach,on stomach,1580,99.6845425867508
harnet10 (full),25003,on stomach,recline back,0,0.0
harnet10 (full),25003,on stomach,sit,4,0.2523659305993691
harnet10 (full),25003,on stomach,stand,0,0.0
harnet10 (full),25003,recline back,crawl,0,0.0
harnet10 (full),25003,recline back,on back,16,1.6243654822335025
harnet10 (full),25003,recline back,on side,2,0.20304568527918782
harnet10 (full),25003,recline back,on stomach,0,0.0
harnet10 (full),25003,recline back,recline back,859,87.20812182741116
harnet10 (full),25003,recline back,sit,86,8.730964467005077
harnet10 (full),25003,recline back,stand,22,2.233502538071066
harnet10 (full),25003,sit,crawl,0,0.0
harnet10 (full),25003,sit,on back,4,0.5398110661268556
harnet10 (full),25003,sit,on side,0,0.0
harnet10 (full),25003,sit,on stomach,0,0.0
harnet10 (full),25003,sit,recline back,69,9.31174089068826
harnet10 (full),25003,sit,sit,507,68.42105263157895
harnet10 (full),25003,sit,stand,161,21.727395411605936
harnet10 (full),25003,stand,crawl,3,0.4178272980501393
harnet10 (full),25003,stand,on back,15,2.0891364902506964
harnet10 (full),25003,stand,on side,0,0.0
harnet10 (full),25003,stand,on stomach,0,0.0
harnet10 (full),25003,stand,recline back,58,8.07799442896936
harnet10 (full),25003,stand,sit,362,50.41782729805014
harnet10 (full),25003,stand,stand,280,38.99721448467967
harnet10 (full),25004,crawl,crawl,100,84.03361344537815
harnet10 (full),25004,crawl,on back,0,0.0
harnet10 (full),25004,crawl,on side,2,1.680672268907563
harnet10 (full),25004,crawl,on stomach,16,13.445378151260504
harnet10 (full),25004,crawl,recline back,0,0.0
harnet10 (full),25004,crawl,sit,1,0.8403361344537815
harnet10 (full),25004,crawl,stand,0,0.0
harnet10 (full),25004,on back,crawl,0,0.0
harnet10 (full),25004,on back,on back,26,96.29629629629629
harnet10 (full),25004,on back,on side,0,0.0
harnet10 (full),25004,on back,on stomach,0,0.0
harnet10 (full),25004,on back,recline back,1,3.7037037037037033
harnet10 (full),25004,on back,sit,0,0.0
harnet10 (full),25004,on back,stand,0,0.0
harnet10 (full),25004,on side,crawl,0,0.0
harnet10 (full),25004,on side,on back,0,0.0
harnet10 (full),25004,on side,on side,15,83.33333333333334
harnet10 (full),25004,on side,on stomach,3,16.666666666666664
harnet10 (full),25004,on side,recline back,0,0.0
harnet10 (full),25004,on side,sit,0,0.0
harnet10 (full),25004,on side,stand,0,0.0
harnet10 (full),25004,on stomach,crawl,9,0.3568596352101507
harnet10 (full),25004,on stomach,on back,7,0.2775574940523394
harnet10 (full),25004,on stomach,on side,0,0.0
harnet10 (full),25004,on stomach,on stomach,2506,99.36558287073751
harnet10 (full),25004,on stomach,recline back,0,0.0
harnet10 (full),25004,on stomach,sit,0,0.0
harnet10 (full),25004,on stomach,stand,0,0.0
harnet10 (full),25004,recline back,crawl,0,0.0
harnet10 (full),25004,recline back,on back,2,0.18726591760299627
harnet10 (full),25004,recline back,on side,0,0.0
harnet10 (full),25004,recline back,on stomach,0,0.0
harnet10 (full),25004,recline back,recline back,954,89.32584269662921
harnet10 (full),25004,recline back,sit,110,10.299625468164795
harnet10 (full),25004,recline back,stand,2,0.18726591760299627
harnet10 (full),25004,sit,crawl,37,2.128883774453395
harnet10 (full),25004,sit,on back,2,0.11507479861910241
harnet10 (full),25004,sit,on side,0,0.0
harnet10 (full),25004,sit,on stomach,24,1.380897583429229
harnet10 (full),25004,sit,recline back,344,19.792865362485614
harnet10 (full),25004,sit,sit,1293,74.39585730724971
harnet10 (full),25004,sit,stand,38,2.186421173762946
harnet10 (full),25004,stand,crawl,0,0.0
harnet10 (full),25004,stand,on back,33,1.4758497316636852
harnet10 (full),25004,stand,on side,0,0.0
harnet10 (full),25004,stand,on stomach,28,1.2522361359570662
harnet10 (full),25004,stand,recline back,26,1.1627906976744187
harnet10 (full),25004,stand,sit,1795,80.2772808586762
harnet10 (full),25004,stand,stand,354,15.831842576028624
harnet10 (full),25005,crawl,crawl,10,66.66666666666666
harnet10 (full),25005,crawl,on back,0,0.0
harnet10 (full),25005,crawl,on side,0,0.0
harnet10 (full),25005,crawl,on stomach,5,33.33333333333333
harnet10 (full),25005,crawl,recline back,0,0.0
harnet10 (full),25005,crawl,sit,0,0.0
harnet10 (full),25005,crawl,stand,0,0.0
harnet10 (full),25005,on back,crawl,0,0.0
harnet10 (full),25005,on back,on back,2240,89.34982050259273
harnet10 (full),25005,on back,on side,97,3.8691663342640603
harnet10 (full),25005,on back,on stomach,0,0.0
harnet10 (full),25005,on back,recline back,159,6.34224172317511
harnet10 (full),25005,on back,sit,9,0.35899481451934584
harnet10 (full),25005,on back,stand,2,0.07977662544874352
harnet10 (full),25005,on side,crawl,0,0.0
harnet10 (full),25005,on side,on back,31,13.839285714285715
harnet10 (full),25005,on side,on side,186,83.03571428571429
harnet10 (full),25005,on side,on stomach,4,1.7857142857142856
harnet10 (full),25005,on side,recline back,1,0.4464285714285714
harnet10 (full),25005,on side,sit,1,0.4464285714285714
harnet10 (full),25005,on side,stand,1,0.4464285714285714
harnet10 (full),25005,on stomach,crawl,12,1.0362694300518136
harnet10 (full),25005,on stomach,on back,2,0.17271157167530224
harnet10 (full),25005,on stomach,on side,7,0.6044905008635579
harnet10 (full),25005,on stomach,on stomach,1134,97.92746113989638
harnet10 (full),25005,on stomach,recline back,0,0.0
harnet10 (full),25005,on stomach,sit,3,0.2590673575129534
harnet10 (full),25005,on stomach,stand,0,0.0
harnet10 (full),25005,recline back,crawl,0,0.0
harnet10 (full),25005,recline back,on back,8,0.4667444574095682
harnet10 (full),25005,recline back,on side,1,0.05834305717619603
harnet10 (full),25005,recline back,on stomach,0,0.0
harnet10 (full),25005,recline back,recline back,1656,96.61610268378062
harnet10 (full),25005,recline back,sit,43,2.5087514585764294
harnet10 (full),25005,recline back,stand,6,0.3500583430571762
harnet10 (full),25005,sit,crawl,0,0.0
harnet10 (full),25005,sit,on back,27,6.940874035989718
harnet10 (full),25005,sit,on side,0,0.0
harnet10 (full),25005,sit,on stomach,2,0.5141388174807198
harnet10 (full),25005,sit,recline back,23,5.912596401028278
harnet10 (full),25005,sit,sit,257,66.0668380462725
harnet10 (full),25005,sit,stand,80,20.565552699228792
harnet10 (full),25005,stand,crawl,2,1.2658227848101267
harnet10 (full),25005,stand,on back,34,21.518987341772153
harnet10 (full),25005,stand,on side,0,0.0
harnet10 (full),25005,stand,on stomach,0,0.0
harnet10 (full),25005,stand,recline back,1,0.6329113924050633
harnet10 (full),25005,stand,sit,41,25.949367088607595
harnet10 (full),25005,stand,stand,80,50.63291139240506
harnet10 (full),25006,crawl,crawl,77,20.424403183023873
harnet10 (full),25006,crawl,on back,0,0.0
harnet10 (full),25006,crawl,on side,0,0.0
harnet10 (full),25006,crawl,on stomach,37,9.814323607427056
harnet10 (full),25006,crawl,recline back,0,0.0
harnet10 (full),25006,crawl,sit,230,61.0079575596817
harnet10 (full),25006,crawl,stand,33,8.753315649867375
harnet10 (full),25006,on back,crawl,0,0.0
harnet10 (full),25006,on back,on back,323,97.28915662650603
harnet10 (full),25006,on back,on side,4,1.2048192771084338
harnet10 (full),25006,on back,on stomach,0,0.0
harnet10 (full),25006,on back,recline back,3,0.9036144578313252
harnet10 (full),25006,on back,sit,2,0.6024096385542169
harnet10 (full),25006,on back,stand,0,0.0
harnet10 (full),25006,on side,crawl,0,0.0
harnet10 (full),25006,on side,on back,6,0.2884615384615385
harnet10 (full),25006,on side,on side,1954,93.9423076923077
harnet10 (full),25006,on side,on stomach,120,5.769230769230769
harnet10 (full),25006,on side,recline back,0,0.0
harnet10 (full),25006,on side,sit,0,0.0
harnet10 (full),25006,on side,stand,0,0.0
harnet10 (full),25006,on stomach,crawl,4,0.2028397565922921
harnet10 (full),25006,on stomach,on back,0,0.0
harnet10 (full),25006,on stomach,on side,2,0.10141987829614604
harnet10 (full),25006,on stomach,on stomach,1916,97.16024340770791
harnet10 (full),25006,on stomach,recline back,0,0.0
harnet10 (full),25006,on stomach,sit,48,2.434077079107505
harnet10 (full),25006,on stomach,stand,2,0.10141987829614604
harnet10 (full),25006,recline back,crawl,0,0.0
harnet10 (full),25006,recline back,on back,0,0.0
harnet10 (full),25006,recline back,on side,1,0.046446818392940084
harnet10 (full),25006,recline back,on stomach,0,0.0
harnet10 (full),25006,recline back,recline back,2085,96.84161634928007
harnet10 (full),25006,recline back,sit,55,2.5545750116117047
harnet10 (full),25006,recline back,stand,12,0.5573618207152811
harnet10 (full),25006,sit,crawl,0,0.0
harnet10 (full),25006,sit,on back,26,4.6263345195729535
harnet10 (full),25006,sit,on side,0,0.0
harnet10 (full),25006,sit,on stomach,0,0.0
harnet10 (full),25006,sit,recline back,37,6.583629893238434
harnet10 (full),25006,sit,sit,358,63.70106761565836
harnet10 (full),25006,sit,stand,141,25.088967971530252
harnet10 (full),25006,stand,crawl,1,0.18832391713747645
harnet10 (full),25006,stand,on back,0,0.0
harnet10 (full),25006,stand,on side,0,0.0
harnet10 (full),25006,stand,on stomach,2,0.3766478342749529
harnet10 (full),25006,stand,recline back,0,0.0
harnet10 (full),25006,stand,sit,205,38.60640301318267
harnet10 (full),25006,stand,stand,323,60.8286252354049
harnet10 (full),25007,crawl,crawl,0,0.0
harnet10 (full),25007,crawl,on back,0,0.0
harnet10 (full),25007,crawl,on side,0,0.0
harnet10 (full),25007,crawl,on stomach,0,0.0
harnet10 (full),25007,crawl,recline back,0,0.0
harnet10 (full),25007,crawl,sit,0,0.0
harnet10 (full),25007,crawl,stand,0,0.0
harnet10 (full),25007,on back,crawl,0,0.0
harnet10 (full),25007,on back,on back,4064,98.52121212121212
harnet10 (full),25007,on back,on side,1,0.024242424242424242
harnet10 (full),25007,on back,on stomach,0,0.0
harnet10 (full),25007,on back,recline back,60,1.4545454545454546
harnet10 (full),25007,on back,sit,0,0.0
harnet10 (full),25007,on back,stand,0,0.0
harnet10 (full),25007,on side,crawl,0,0.0
harnet10 (full),25007,on side,on back,31,19.25465838509317
harnet10 (full),25007,on side,on side,126,78.26086956521739
harnet10 (full),25007,on side,on stomach,0,0.0
harnet10 (full),25007,on side,recline back,4,2.484472049689441
harnet10 (full),25007,on side,sit,0,0.0
harnet10 (full),25007,on side,stand,0,0.0
harnet10 (full),25007,on stomach,crawl,1,0.09025270758122744
harnet10 (full),25007,on stomach,on back,15,1.3537906137184115
harnet10 (full),25007,on stomach,on side,4,0.36101083032490977
harnet10 (full),25007,on stomach,on stomach,1085,97.92418772563177
harnet10 (full),25007,on stomach,recline back,0,0.0
harnet10 (full),25007,on stomach,sit,3,0.2707581227436823
harnet10 (full),25007,on stomach,stand,0,0.0
harnet10 (full),25007,recline back,crawl,0,0.0
harnet10 (full),25007,recline back,on back,34,1.3051823416506718
harnet10 (full),25007,recline back,on side,0,0.0
harnet10 (full),25007,recline back,on stomach,0,0.0
harnet10 (full),25007,recline back,recline back,2496,95.81573896353167
harnet10 (full),25007,recline back,sit,74,2.840690978886756
harnet10 (full),25007,recline back,stand,1,0.038387715930902115
harnet10 (full),25007,sit,crawl,14,0.8201523140011716
harnet10 (full),25007,sit,on back,0,0.0
harnet10 (full),25007,sit,on side,0,0.0
harnet10 (full),25007,sit,on stomach,44,2.5776215582893967
harnet10 (full),25007,sit,recline back,96,5.623901581722319
harnet10 (full),25007,sit,sit,1311,76.80140597539543
harnet10 (full),25007,sit,stand,242,14.176918570591681
harnet10 (full),25007,stand,crawl,3,5.555555555555555
harnet10 (full),25007,stand,on back,0,0.0
harnet10 (full),25007,stand,on side,0,0.0
harnet10 (full),25007,stand,on stomach,0,0.0
harnet10 (full),25007,stand,recline back,11,20.37037037037037
harnet10 (full),25007,stand,sit,20,37.03703703703704
harnet10 (full),25007,stand,stand,20,37.03703703703704
harnet10 (full),25008,crawl,crawl,0,0.0
harnet10 (full),25008,crawl,on back,0,0.0
harnet10 (full),25008,crawl,on side,0,0.0
harnet10 (full),25008,crawl,on stomach,0,0.0
harnet10 (full),25008,crawl,recline back,0,0.0
harnet10 (full),25008,crawl,sit,0,0.0
harnet10 (full),25008,crawl,stand,0,0.0
harnet10 (full),25008,on back,crawl,0,0.0
harnet10 (full),25008,on back,on back,2362,94.36675988813424
harnet10 (full),25008,on back,on side,47,1.8777467039552538
harnet10 (full),25008,on back,on stomach,2,0.07990411506192568
harnet10 (full),25008,on back,recline back,68,2.7167399121054734
harnet10 (full),25008,on back,sit,14,0.5593288054334798
harnet10 (full),25008,on back,stand,10,0.3995205753096284
harnet10 (full),25008,on side,crawl,0,0.0
harnet10 (full),25008,on side,on back,2,6.666666666666667
harnet10 (full),25008,on side,on side,27,90.0
harnet10 (full),25008,on side,on stomach,1,3.3333333333333335
harnet10 (full),25008,on side,recline back,0,0.0
harnet10 (full),25008,on side,sit,0,0.0
harnet10 (full),25008,on side,stand,0,0.0
harnet10 (full),25008,on stomach,crawl,17,0.5666666666666667
harnet10 (full),25008,on stomach,on back,0,0.0
harnet10 (full),25008,on stomach,on side,0,0.0
harnet10 (full),25008,on stomach,on stomach,2972,99.06666666666666
harnet10 (full),25008,on stomach,recline back,0,0.0
harnet10 (full),25008,on stomach,sit,10,0.33333333333333337
harnet10 (full),25008,on stomach,stand,1,0.03333333333333333
harnet10 (full),25008,recline back,crawl,0,0.0
harnet10 (full),25008,recline back,on back,347,14.6723044397463
harnet10 (full),25008,recline back,on side,31,1.3107822410147991
harnet10 (full),25008,recline back,on stomach,1,0.042283298097251586
harnet10 (full),25008,recline back,recline back,1832,77.46300211416491
harnet10 (full),25008,recline back,sit,115,4.862579281183932
harnet10 (full),25008,recline back,stand,39,1.6490486257928119
harnet10 (full),25008,sit,crawl,7,0.6334841628959276
harnet10 (full),25008,sit,on back,0,0.0
harnet10 (full),25008,sit,on side,0,0.0
harnet10 (full),25008,sit,on stomach,11,0.9954751131221719
harnet10 (full),25008,sit,recline back,223,20.18099547511312
harnet10 (full),25008,sit,sit,771,69.77375565610859
harnet10 (full),25008,sit,stand,93,8.416289592760181
harnet10 (full),25008,stand,crawl,0,0.0
harnet10 (full),25008,stand,on back,0,0.0
harnet10 (full),25008,stand,on side,0,0.0
harnet10 (full),25008,stand,on stomach,1,0.4273504273504274
harnet10 (full),25008,stand,recline back,8,3.418803418803419
harnet10 (full),25008,stand,sit,44,18.803418803418804
harnet10 (full),25008,stand,stand,181,77.35042735042735
