family_id,obs,source_file,lb_session,tone_offset_s,imu_alignable,n_segments,coded_s,span_end_s,n_classes,coded_h,lb_session_on_disk,lb_session_has_imu
25003,10A,BRP1_25003_Obs10A_EDITED.txt,BRP1_25003_REC1011_2025-02-19-09-49-53,508.6,True,2,520.0,520.0,2,0.14444444444444443,True,True
25003,11A,BRP1_25003_Obs11A_EDITED.txt,BRP1_25003_REC1011_2025-02-26-09-54-36,354.8,True,9,1818.0,1818.0,3,0.505,True,True
25003,11B,BRP1_25003_Obs11B_EDITED.txt,BRP1_25003_REC1011_2025-02-26-15-16-25,429.7,True,35,2997.0,2997.0,6,0.8325,True,True
25003,12A,BRP1_25003_Obs12A_EDITED.txt,BRP1_25003_REC121314_2025-02-28-14-40-41,60.0,True,25,3166.0,3166.0,5,0.8794444444444445,True,True
25003,13A,BRP1_25003_Obs13A_EDITED.txt,BRP1_25003_REC121314_2025-03-03-10-00-56,342.9,True,14,1836.0,1836.0,3,0.51,True,True
25003,14A,BRP1_25003_Obs14A_EDITED.txt,BRP1_25003_REC121314_2025-03-05-09-57-37,,False,6,274.0,274.0,4,0.07611111111111112,True,True
25003,14B,BRP1_25003_Obs14B_EDITED.txt,BRP1_25003_REC121314_2025-03-05-15-34-26,35.5,True,15,1851.0,1851.0,6,0.5141666666666667,True,True
25003,15A,BRP1_25003_Obs15A_EDITED.txt,BRP1_25003_REC15_2025-03-10-09-54-17,335.5,True,9,1469.0,1469.0,3,0.40805555555555556,True,True
25003,15B,BRP1_25003_Obs15B_EDITED.txt,BRP1_25003_REC15_2025-03-10-14-48-25,52.5,True,1,1321.725,1321.725,1,0.3671458333333333,True,True
25003,16A,BRP1_25003_Obs16A_EDITED.txt,BRP1_25003_REC16_2025-03-26-09-48-57,377.0,True,4,988.0,988.0,3,0.27444444444444444,True,True
25003,16B,BRP1_25003_Obs16B_EDITED.txt,BRP1_25003_REC16_2025-03-26-15-21-32,36.8,True,28,1795.999,1796.0,6,0.4988886111111111,True,True
25003,2A,BRP1_25003_Obs2A_EDITED.txt,BRP1_25003_REC123_2025-01-24-10-14-09,,False,9,2714.5,2714.5,4,0.7540277777777777,True,True
25003,3A,BRP1_25003_Obs3A_EDITED.txt,BRP1_25003_REC123_2025-01-27-10-17-22,366.9,True,3,1465.0,1465.0,2,0.40694444444444444,True,True
25003,3B,BRP1_25003_Obs3B_EDITED.txt,BRP1_25003_REC123_2025-01-27-14-31-06,33.5,True,11,3304.0,3304.0,4,0.9177777777777778,True,True
25003,4A,BRP1_25003_Obs4A_EDITED.txt,BRP1_25003_REC456_2025-01-29-10-13-35,460.762,True,17,1352.0,1352.0,5,0.37555555555555553,True,True
25003,4B,BRP1_25003_Obs4B_EDITED.txt,BRP1_25003_REC456_2025-01-29-10-49-55,15880.411,True,31,6412.0,6412.0,4,1.781111111111111,True,True
25003,5A,BRP1_25003_Obs5A_EDITED.txt,BRP1_25003_REC456_2025-02-03-10-09-39,,False,9,711.541,711.541,5,0.1976502777777778,True,True
25003,5B,BRP1_25003_Obs5B_EDITED.txt,BRP1_25003_REC456_2025-02-03-14-28-47,476.62,True,27,1374.0,1374.0,5,0.38166666666666665,True,True
25003,6A,BRP1_25003_Obs6A_EDITED.txt,BRP1_25003_REC456_2025-02-05-09-48-51,434.202,True,14,3005.0,3005.0,5,0.8347222222222223,True,True
25003,6B,BRP1_25003_Obs6B_EDITED.txt,BRP1_25003_REC456_2025-02-05-15-16-03,16.687,True,18,3024.0,3024.0,4,0.84,True,True
25003,7A,BRP1_25003_Obs7A_EDITED.txt,BRP1_25003_REC789_2025-02-10-09-46-30,1060.2,True,14,1209.0,1209.0,5,0.3358333333333333,True,True
25003,8A,BRP1_25003_Obs8A_EDITED.txt,BRP1_25003_REC789_2025-02-12-10-07-26,199.2,True,1,1293.0,1293.0,1,0.3591666666666667,True,True
25003,9A,BRP1_25003_Obs9A_EDITED.txt,BRP1_25003_REC789_2025-02-17-10-26-00,,False,1,350.0,350.0,1,0.09722222222222222,True,True
25004,10A,BRP1_25004_Obs10A_EDITED.txt,BRP1_25004_REC101112_2025-10-01-09-26-49,330.256,True,48,3611.0,3611.0,5,1.0030555555555556,True,True
25004,11A,BRP1_25004_Obs11A_EDITED.txt,BRP1_25004_REC101112_2025-10-03-09-29-15,218.337,True,13,3617.0,3617.0,5,1.0047222222222223,True,True
25004,12A,BRP1_25004_Obs12A_EDITED.txt,BRP1_25004_REC101112_2025-10-08-09-28-09,392.592,True,61,3626.0,3626.0,6,1.0072222222222222,True,True
25004,13A,BRP1_25004_Obs13A_EDITED.txt,BRP1_25004_REC1314_2025-10-15-09-29-04,251.84,True,60,3358.0,3358.0,5,0.9327777777777778,True,True
25004,14A,BRP1_25004_Obs14A_EDITED.txt,BRP1_25004_REC1314_2025-10-17-09-31-08,321.362,True,160,3611.0,3611.0,4,1.0030555555555556,True,True
25004,1A,BRP1_25004_Obs1A_EDITED.txt,BRP1_25004_REC123_2025-08-15-09-04-41,823.91,True,1,688.0,688.0,1,0.19111111111111112,True,True
25004,2A,BRP1_25004_Obs2A_EDITED.txt,BRP1_25004_REC123_2025-08-22-08-44-22,1168.011,True,22,3606.0,3606.0,5,1.0016666666666667,True,True
25004,3A,BRP1_25004_Obs3A_EDITED.txt,BRP1_25004_REC123_2025-08-29-08-50-21,,False,5,3613.0,3613.0,3,1.003611111111111,True,True
25004,4A,BRP1_25004_Obs4A_EDITED.txt,BRP1_25004_REC456_2025-09-05-09-30-50,410.812,True,6,3513.0,3513.0,4,0.9758333333333333,True,True
25004,5A,BRP1_25004_Obs5A_EDITED.txt,BRP1_25004_REC456_2025-09-10-09-33-19,424.143,True,10,2019.0,2019.0,4,0.5608333333333333,True,True
25004,5B,BRP1_25004_Obs5B_EDITED.txt,BRP1_25004_REC456_2025-09-10-09-33-19,2574.98,True,1,1506.0,1506.0,1,0.41833333333333333,True,True
25004,6A,BRP1_25004_Obs6A_EDITED.txt,BRP1_25004_REC456_2025-09-17-09-30-30,394.133,True,7,3601.0,3601.0,5,1.0002777777777778,True,True
25004,7A,BRP1_25004_Obs7A_EDITED.txt,BRP1_25004_REC789_2025-09-19-09-21-13,390.846,True,12,3606.0,3606.0,4,1.0016666666666667,True,True
25004,8A,BRP1_25004_Obs8A_EDITED.txt,BRP1_25004_REC789_2025-09-24-09-26-14,269.171,True,46,3605.0,3605.0,4,1.0013888888888889,True,True
25005,1A,BRP1_25005_Obs1A_EDITED.txt,BRP1_25005_REC123_2025-09-25-09-42-16,403.988,True,24,2818.0,2818.0,6,0.7827777777777778,True,True
25005,2A,BRP1_25005_Obs2A_EDITED.txt,BRP1_25005_REC123_2025-09-30-09-35-30,440.573,True,19,3602.9970000000003,3603.0,6,1.0008325,True,True
25005,3A,BRP1_25005_Obs3A_EDITED.txt,BRP1_25005_REC123_2025-10-03-09-31-04,373.445,True,31,3817.0,3817.0,6,1.0602777777777779,True,True
25005,4A,BRP1_25005_Obs4A_EDITED.txt,BRP1_25005_REC456_2025-10-06-09-40-48,332.83,True,21,7970.0,7985.0,5,2.213888888888889,True,True
25005,5A,BRP1_25005_Obs5A_EDITED.txt,BRP1_25005_REC456_2025-10-13-09-42-11,403.438,True,25,3698.0,3698.0,6,1.0272222222222223,True,True
25005,6A,BRP1_25005_Obs6A_EDITED.txt,BRP1_25005_REC456_2025-10-15-09-31-31,299.352,True,39,3652.98,3653.0,7,1.0147166666666667,True,True
25005,7A,BRP1_25005_Obs7A_EDITED.txt,BRP1_25005_REC789_2025-10-22-09-41-08,437.011,True,37,3940.0,3940.0,7,1.0944444444444446,True,True
25005,8A,BRP1_25005_Obs8A_EDITED.txt,BRP1_25005_REC789_2025-10-24-09-36-59,403.87,True,83,3639.0,3639.0,7,1.0108333333333333,True,True
25005,9A,BRP1_25005_Obs9A_EDITED.txt,BRP1_25005_REC789_2025-10-29-09-42-35,513.08,True,53,3647.0,3647.0,7,1.0130555555555556,True,True
25006,10A,BRP1_25006_Obs10A_EDITED.txt,BRP1_25006_REC101112_2025-10-23-09-41-02,527.68,True,97,3619.0,3619.0,7,1.0052777777777777,True,True
25006,11A,BRP1_25006_Obs11A_EDITED.txt,BRP1_25006_REC101112_2025-10-28-09-39-39,385.02,True,94,3600.0,3600.0,7,1.0,True,True
25006,12A,BRP1_25006_Obs12A_EDITED.txt,BRP1_25006_REC101112_2025-11-03-10-46-53,464.78,True,3,847.0,847.0,3,0.23527777777777778,True,True
25006,1A,BRP1_25006_Obs1A_EDITED.txt,BRP1_25006_REC123_2025-09-23-09-47-39,449.54,True,5,3513.0,3513.0,1,0.9758333333333333,True,True
25006,2A,BRP1_25006_Obs2A_EDITED.txt,BRP1_25006_REC123_2025-09-26-09-33-50,343.636,True,36,3735.0,3735.0,5,1.0375,True,True
25006,3A,BRP1_25006_Obs3A_EDITED.txt,BRP1_25006_REC123_2025-09-29-09-34-02,296.66,True,98,3718.0,3718.0,7,1.0327777777777778,True,True
25006,4A,BRP1_25006_Obs4A_EDITED.txt,BRP1_25006_REC456_2025-10-01-09-35-21,384.614,True,17,3655.0,3655.0,6,1.0152777777777777,True,True
25006,5A,BRP1_25006_Obs5A_EDITED.txt,BRP1_25006_REC456_2025-10-07-10-23-09,357.456,True,74,3589.995,3590.0,7,0.9972208333333333,True,True
25006,6A,BRP1_25006_Obs6A_EDITED.txt,BRP1_25006_REC456_2025-10-10-09-26-29,474.75,True,56,5407.993,5408.0,6,1.5022202777777778,True,True
25006,7A,BRP1_25006_Obs7A_EDITED.txt,BRP1_25006_REC789_2025-10-14-09-37-40,252.96,True,38,3595.0,3595.0,6,0.9986111111111111,True,True
25006,8A,BRP1_25006_Obs8A_EDITED.txt,BRP1_25006_REC789_2025-10-17-09-33-40,217.826,True,79,3789.0,3789.0,6,1.0525,True,True
25006,9A,BRP1_25006_Obs9A_EDITED.txt,BRP1_25006_REC789_2025-10-20-09-39-15,401.965,True,38,3959.0,3959.0,6,1.0997222222222223,True,True
25007,10A,BRP1_25007_Obs10A_EDITED.txt,BRP1_25007_REC101112_2026-03-25-09-32-54,312.582,True,4,3606.0,3606.0,4,1.0016666666666667,True,True
25007,11A,BRP1_25007_Obs11A_EDITED.txt,BRP1_25007_REC101112_2026-04-01-10-14-16,580.347,True,75,3482.0,3482.0,6,0.9672222222222222,True,True
25007,12A,BRP1_25007_Obs12A_EDITED.txt,BRP1_25007_REC101112_2026-04-08-09-46-44,762.936,True,30,3562.0,3562.0,6,0.9894444444444445,True,True
25007,13A,BRP1_25007_Obs13A_EDITED.txt,BRP1_25007_REC131415_2026-04-14-09-43-40,523.566,True,30,3619.0,3619.0,6,1.0052777777777777,True,True
25007,14A,BRP1_25007_Obs14A_EDITED.txt,BRP1_25007_REC131415_2026-04-22-09-33-09,281.586,True,46,3595.0,3595.0,6,0.9986111111111111,True,True
25007,15A,BRP1_25007_Obs15A_EDITED.txt,BRP1_25007_REC131415_2026-04-27-09-52-00,630.635,True,3,3623.0,3623.0,2,1.006388888888889,True,True
25007,1A,BRP1_25007_Obs1A_EDITED.txt,BRP1_25007_REC123_2026-01-15-09-38-17,594.65,True,3,3688.0,3688.0,3,1.0244444444444445,True,True
25007,2A,BRP1_25007_Obs2A_EDITED.txt,BRP1_25007_REC123_2026-01-21-09-30-56,2618.07,True,18,3594.0,3594.0,4,0.9983333333333333,True,True
25007,3A,BRP1_25007_Obs3A_EDITED.txt,BRP1_25007_REC123_2026-01-28-09-38-28,427.86,True,12,3771.0,3771.0,5,1.0475,True,True
25007,4A,BRP1_25007_Obs4A_EDITED.txt,BRP1_25007_REC456_2026-02-04-09-34-13,250.66,True,47,3599.0,3599.0,5,0.9997222222222222,True,True
25007,5A,BRP1_25007_Obs5A_EDITED.txt,BRP1_25007_REC456_2026-02-11-09-37-19,620.12,True,9,3594.0,3594.0,5,0.9983333333333333,True,True
25007,6A,BRP1_25007_Obs6A_EDITED.txt,BRP1_25007_REC456_2026-02-18-10-13-11,231.95,True,78,3603.0,3603.0,5,1.0008333333333332,True,True
25007,7A,BRP1_25007_Obs7A_EDITED.txt,BRP1_25007_REC789_2026-02-25-09-33-39,370.87,True,17,3608.0,3608.0,5,1.0022222222222221,True,True
25007,8A,BRP1_25007_Obs8A_EDITED.txt,BRP1_25007_REC789_2026-03-04-09-37-57,240.59,True,28,3648.0,3648.0,6,1.0133333333333334,True,True
25007,9A,BRP1_25007_Obs9A_EDITED.txt,BRP1_25007_REC789_2026-03-11-08-51-52,,False,80,3650.0,3650.0,5,1.0138888888888888,True,True
25008,11A,BRP1_25008_Obs11A_EDITED.txt,BRP1_25008_REC101112_2025-12-12-10-02-11,246.1,True,14,3652.0,3652.0,5,1.0144444444444445,True,True
25008,12A,BRP1_25008_Obs12A_EDITED.txt,BRP1_25008_REC101112_2025-12-17-10-23-32,,False,31,3591.0,3591.0,6,0.9975,True,True
25008,13A,BRP1_25008_Obs13A_EDITED.txt,BRP1_25008_REC131415_2026-01-07-09-44-12,629.36,True,13,3617.0,3617.0,5,1.0047222222222223,True,True
25008,14A,BRP1_25008_Obs14A_EDITED.txt,BRP1_25008_REC131415_2026-01-09-09-45-38,217.32,True,33,3661.0,3661.0,6,1.0169444444444444,True,True
25008,15A,BRP1_25008_Obs15A_EDITED.txt,BRP1_25008_REC131415_2026-01-13-09-41-56,367.182,True,21,3613.0,3613.0,6,1.003611111111111,True,True
25008,1A,BRP1_25008_Obs1A_EDITED.txt,BRP1_25008_REC123_2025-10-02-09-36-30,2141.875,True,50,3564.0,3564.0,6,0.99,True,True
25008,2A,BRP1_25008_Obs2A_EDITED.txt,BRP1_25008_REC123_2025-10-09-09-39-05,525.481,True,10,3555.0,3555.0,5,0.9875,True,True
25008,3A,BRP1_25008_Obs3A_EDITED.txt,BRP1_25008_REC123_2025-10-16-09-41-05,298.469,True,13,3601.0,3601.0,5,1.0002777777777778,True,True
25008,4A,BRP1_25008_Obs4A_EDITED.txt,BRP1_25008_REC456_2025-10-29-09-38-24,368.38,True,52,3765.0,3765.0,6,1.0458333333333334,True,True
25008,5A,BRP1_25008_Obs5A_EDITED.txt,BRP1_25008_REC456_2025-11-05-10-38-40,393.05,True,1,346.0,346.0,1,0.0961111111111111,True,True
25008,5B,BRP1_25008_Obs5B_EDITED.txt,BRP1_25008_REC456_2025-11-05-10-38-40,1382.96,True,9,3684.0,3684.0,5,1.0233333333333334,True,True
25008,6A,BRP1_25008_Obs6A_EDITED.txt,BRP1_25008_REC456_2025-11-14-10-40-02,248.92,True,23,3611.0,3611.0,6,1.0030555555555556,True,True
25008,7A,BRP1_25008_Obs7A_EDITED.txt,BRP1_25008_REC789_2025-11-18-09-31-28,239.114,True,19,3598.0,3598.0,5,0.9994444444444445,True,True
25008,8A,BRP1_25008_Obs8A_EDITED.txt,BRP1_25008_REC789_2025-12-03-10-01-58,404.48,True,8,3635.0,3635.0,5,1.0097222222222222,True,True
25008,9A,BRP1_25008_Obs9A_EDITED.txt,BRP1_25008_REC789_2025-12-05-09-35-35,341.21,True,26,3608.0,3608.0,6,1.0022222222222221,True,True
