pipeline,scope,n,tp,fp,fn,tn,precision,recall,f1,kappa,pred_h,ref_h,err_h
imu_only,all windows,48135,8424,213,145,39353,0.9753386592566864,0.9830785389193605,0.9791933046611647,0.9746654134401852,11.995833333333334,11.901388888888889,0.094444444444445
imu_only,ECG-covered only,38304,7336,154,122,30692,0.9794392523364486,0.9836417270045589,0.9815359914369814,0.9770598573386184,10.402777777777779,10.358333333333333,0.04444444444444606
predicted,all windows,48135,7191,422,1378,39144,0.9445685012478655,0.8391877698681293,0.8887652947719688,0.8663842442400587,10.573611111111111,11.901388888888889,-1.3277777777777775
predicted,ECG-covered only,38304,7191,422,267,30424,0.9445685012478655,0.9641995172968625,0.9542830601818062,0.9430880185742178,10.573611111111111,10.358333333333333,0.21527777777777857
ecg_only,all windows,48135,7311,271,1258,39295,0.9642574518596676,0.8531917376590034,0.9053309392607269,0.8863323997403263,10.530555555555555,11.901388888888889,-1.3708333333333336
ecg_only,ECG-covered only,38304,7311,271,147,30575,0.9642574518596676,0.9802896218825422,0.9722074468085107,0.9654187798675561,10.530555555555555,10.358333333333333,0.1722222222222225
imu_only,25003 (ECG train),7238,1516,29,5,5688,0.9812297734627832,0.9967126890203813,0.9889106327462491,0.9859310221498989,2.1458333333333335,2.1125,0.03333333333333366
predicted,25003 (ECG train),7196,1506,78,14,5598,0.9507575757575758,0.9907894736842106,0.970360824742268,0.9622149938268449,2.2,2.111111111111111,0.08888888888888902
imu_only,25004 (ECG train),7728,971,71,9,6677,0.9318618042226487,0.9908163265306122,0.960435212660732,0.9544866139524913,1.4472222222222222,1.3611111111111112,0.08611111111111103
predicted,25004 (ECG train),7724,948,227,32,6517,0.8068085106382978,0.9673469387755103,0.8798143851508121,0.8605155966091722,1.6319444444444444,1.3611111111111112,0.27083333333333326
imu_only,25005 (ECG train),6165,1130,10,24,5001,0.9912280701754386,0.9792027729636048,0.985178727114211,0.9817910782277379,1.5833333333333333,1.6027777777777779,-0.019444444444444597
predicted,25005 (ECG train),6147,1079,14,69,4985,0.9871912168344007,0.9398954703832753,0.962962962962963,0.9547128018811458,1.5180555555555555,1.5944444444444446,-0.07638888888888906
imu_only,25006 (ECG train),8007,772,43,56,7136,0.947239263803681,0.9323671497584541,0.9397443700547778,0.932855977213352,1.1319444444444444,1.15,-0.01805555555555549
predicted,25006 (ECG train),8007,725,69,103,7110,0.9130982367758187,0.8756038647342995,0.8939580764488285,0.8820128353076337,1.1027777777777779,1.15,-0.047222222222222054
imu_only,25007 (no ECG),9760,1081,44,23,8612,0.9608888888888889,0.9791666666666666,0.9699416778824586,0.966067217960214,1.5625,1.5333333333333334,0.029166666666666563
imu_only,25008 (ECG HELD OUT),9237,2954,16,28,6239,0.9946127946127946,0.9906103286384976,0.9926075268817204,0.9890937322691439,4.125,4.141666666666667,-0.016666666666666607
predicted,25008 (ECG HELD OUT),9230,2933,34,49,6214,0.9885406134142232,0.9835680751173709,0.9860480753067743,0.9794139756020314,4.120833333333334,4.141666666666667,-0.020833333333333037
predicted,ECG train subjects,29074,4258,388,218,24210,0.9164873009040034,0.951295799821269,0.9335672001754002,0.9212115035031698,6.4527777777777775,6.216666666666667,0.23611111111111072
predicted,ECG HELD OUT (25008),9230,2933,34,49,6214,0.9885406134142232,0.9835680751173709,0.9860480753067743,0.9794139756020314,4.120833333333334,4.141666666666667,-0.020833333333333037
